-- phpMyAdmin SQL Dump
-- version 5.2.1
-- https://www.phpmyadmin.net/
--
-- Host: 127.0.0.1
-- Generation Time: Jan 13, 2024 at 11:44 AM
-- Server version: 10.4.28-MariaDB
-- PHP Version: 8.1.17

SET SQL_MODE = "NO_AUTO_VALUE_ON_ZERO";
START TRANSACTION;
SET time_zone = "+00:00";


/*!40101 SET @OLD_CHARACTER_SET_CLIENT=@@CHARACTER_SET_CLIENT */;
/*!40101 SET @OLD_CHARACTER_SET_RESULTS=@@CHARACTER_SET_RESULTS */;
/*!40101 SET @OLD_COLLATION_CONNECTION=@@COLLATION_CONNECTION */;
/*!40101 SET NAMES utf8mb4 */;

--
-- Database: `construction_materials`
--

-- --------------------------------------------------------

--
-- Table structure for table `categories`
--

CREATE TABLE `categories` (
  `id` bigint(20) UNSIGNED NOT NULL,
  `category_name` varchar(255) NOT NULL
) ENGINE=InnoDB DEFAULT CHARSET=utf8mb4 COLLATE=utf8mb4_unicode_ci;

--
-- Dumping data for table `categories`
--

INSERT INTO `categories` (`id`, `category_name`) VALUES
(3, 'หมวดประปา'),
(4, 'หมวดไฟฟ้า'),
(5, 'หมวดปูน'),
(6, 'หมวดทราย, หิน'),
(7, 'หมวดตะปู'),
(8, 'หมวดเหล็ก'),
(10, 'หมวดสี,เคมีภัณฑ์');

-- --------------------------------------------------------

--
-- Table structure for table `departments`
--

CREATE TABLE `departments` (
  `id` bigint(20) UNSIGNED NOT NULL,
  `department_name` varchar(255) NOT NULL,
  `created_at` timestamp NULL DEFAULT NULL,
  `updated_at` timestamp NULL DEFAULT NULL
) ENGINE=InnoDB DEFAULT CHARSET=utf8mb4 COLLATE=utf8mb4_unicode_ci;

--
-- Dumping data for table `departments`
--

INSERT INTO `departments` (`id`, `department_name`, `created_at`, `updated_at`) VALUES
(1, 'พนักงานขายหน้าร้าน', '2023-09-23 10:23:25', '2023-10-27 02:07:45');

-- --------------------------------------------------------

--
-- Table structure for table `failed_jobs`
--

CREATE TABLE `failed_jobs` (
  `id` bigint(20) UNSIGNED NOT NULL,
  `uuid` varchar(255) NOT NULL,
  `connection` text NOT NULL,
  `queue` text NOT NULL,
  `payload` longtext NOT NULL,
  `exception` longtext NOT NULL,
  `failed_at` timestamp NOT NULL DEFAULT current_timestamp()
) ENGINE=InnoDB DEFAULT CHARSET=utf8mb4 COLLATE=utf8mb4_unicode_ci;

-- --------------------------------------------------------

--
-- Table structure for table `features`
--

CREATE TABLE `features` (
  `id` bigint(20) UNSIGNED NOT NULL,
  `feature1` varchar(255) NOT NULL,
  `feature2` varchar(255) NOT NULL,
  `sku` varchar(255) DEFAULT NULL,
  `product_price` decimal(13,2) NOT NULL,
  `stock` int(11) NOT NULL,
  `product_id` int(11) NOT NULL,
  `created_at` timestamp NULL DEFAULT NULL,
  `updated_at` timestamp NULL DEFAULT NULL
) ENGINE=InnoDB DEFAULT CHARSET=utf8mb4 COLLATE=utf8mb4_unicode_ci;

--
-- Dumping data for table `features`
--

INSERT INTO `features` (`id`, `feature1`, `feature2`, `sku`, `product_price`, `stock`, `product_id`, `created_at`, `updated_at`) VALUES
(89, 'qq', 's', NULL, 40.00, 1, 31, '2023-10-27 00:07:46', '2023-10-27 00:07:46'),
(90, 'qq', 'm', NULL, 45.00, 2, 31, '2023-10-27 00:07:46', '2023-10-27 00:07:46'),
(95, '2 x 2.0Sg. mm. 30m.', 'ขาว', NULL, 20.00, 1, 27, '2023-10-27 00:22:10', '2023-10-27 00:22:10'),
(96, '2 x 2.5Sg. mm. 30m.', 'ขาว', NULL, 20.00, 1, 27, '2023-10-27 00:22:10', '2023-10-27 00:22:10'),
(129, 'esr', '456', NULL, 77.00, 12, 60, '2023-10-27 02:38:57', '2023-10-27 02:38:57'),
(130, 'esr', '578', NULL, 88.00, 12, 60, '2023-10-27 02:38:57', '2023-10-27 02:38:57'),
(131, 'hh', '456', NULL, 99.00, 12, 60, '2023-10-27 02:38:57', '2023-10-27 02:38:57'),
(132, 'hh', '578', NULL, 98.00, 12, 60, '2023-10-27 02:38:57', '2023-10-27 02:38:57'),
(133, 'สีดำ ', 'ขนาด 0.05 ลิตร', NULL, 25.00, 10, 59, '2023-11-17 05:50:35', '2023-11-17 05:50:35'),
(134, 'สีแดง', 'ขนาด 0.05 ลิตร', NULL, 28.00, 10, 59, '2023-11-17 05:50:35', '2023-11-17 05:50:35'),
(135, 'สีเหลือง', 'ขนาด 0.05 ลิตร', NULL, 30.00, 8, 59, '2023-11-17 05:50:35', '2023-11-17 05:50:35'),
(136, 'สีน้ำเงิน', 'ขนาด 0.05 ลิตร', NULL, 32.00, 10, 59, '2023-11-17 05:50:35', '2023-11-17 05:50:35'),
(143, 'SCG', 'ขาว', NULL, 28.00, 10, 61, '2023-11-20 01:10:59', '2023-11-20 01:10:59'),
(144, 'SCG', 'เหลือง', NULL, 30.00, 10, 61, '2023-11-20 01:10:59', '2023-11-20 01:10:59'),
(145, 'SCG', '¼”', NULL, 25.00, 12, 62, '2023-11-20 01:13:17', '2023-11-20 01:13:17'),
(146, 'SCG', '⅜”', NULL, 35.00, 12, 62, '2023-11-20 01:13:17', '2023-11-20 01:13:17'),
(159, 'Philips Genie', '14W ขั้วเกลียว E27 Daylight 6500K', NULL, 95.00, 6, 63, '2023-11-20 01:22:21', '2023-11-20 01:22:21'),
(160, 'Philips Genie', '18W ขั้วเกลียว E27 Daylight 6500K', NULL, 120.00, 6, 63, '2023-11-20 01:22:21', '2023-11-20 01:22:21'),
(161, 'Philips Genie', '14W ขั้วเกลียว E27 Warm White 2700K ', NULL, 95.00, 4, 63, '2023-11-20 01:22:21', '2023-11-20 01:22:21'),
(162, 'Philips Genie', '18W ขั้วเกลียว E27 Warm White 2700K', NULL, 120.00, 4, 63, '2023-11-20 01:22:21', '2023-11-20 01:22:21'),
(163, 'Philips Genie', '14W ขั้วเกลียว E27 Cool White 4000K', NULL, 95.00, 5, 63, '2023-11-20 01:22:21', '2023-11-20 01:22:21'),
(164, 'Philips Genie', '18W ขั้วเกลียว E27 Cool White 4000K', NULL, 120.00, 5, 63, '2023-11-20 01:22:21', '2023-11-20 01:22:21'),
(165, 'Philips Tornado', '14W ขั้วเกลียว E27 Daylight 6500K', NULL, 129.00, 4, 63, '2023-11-20 01:22:21', '2023-11-20 01:22:21'),
(166, 'Philips Tornado', '18W ขั้วเกลียว E27 Daylight 6500K', NULL, 150.00, 4, 63, '2023-11-20 01:22:21', '2023-11-20 01:22:21'),
(167, 'Philips Tornado', '14W ขั้วเกลียว E27 Warm White 2700K ', NULL, 129.00, 3, 63, '2023-11-20 01:22:21', '2023-11-20 01:22:21'),
(168, 'Philips Tornado', '18W ขั้วเกลียว E27 Warm White 2700K', NULL, 150.00, 3, 63, '2023-11-20 01:22:21', '2023-11-20 01:22:21'),
(169, 'Philips Tornado', '14W ขั้วเกลียว E27 Cool White 4000K', NULL, 129.00, 6, 63, '2023-11-20 01:22:21', '2023-11-20 01:22:21'),
(170, 'Philips Tornado', '18W ขั้วเกลียว E27 Cool White 4000K', NULL, 150.00, 6, 63, '2023-11-20 01:22:21', '2023-11-20 01:22:21'),
(171, 'Philips LED', '14W ขั้วเกลียว E27 Daylight 6500K', NULL, 70.00, 5, 63, '2023-11-20 01:22:21', '2023-11-20 01:22:21'),
(172, 'Philips LED', '18W ขั้วเกลียว E27 Daylight 6500K', NULL, 95.00, 5, 63, '2023-11-20 01:22:21', '2023-11-20 01:22:21'),
(173, 'Philips LED', '14W ขั้วเกลียว E27 Warm White 2700K ', NULL, 70.00, 4, 63, '2023-11-20 01:22:21', '2023-11-20 01:22:21'),
(174, 'Philips LED', '18W ขั้วเกลียว E27 Warm White 2700K', NULL, 95.00, 4, 63, '2023-11-20 01:22:21', '2023-11-20 01:22:21'),
(175, 'Philips LED', '14W ขั้วเกลียว E27 Cool White 4000K', NULL, 70.00, 3, 63, '2023-11-20 01:22:21', '2023-11-20 01:22:21'),
(176, 'Philips LED', '18W ขั้วเกลียว E27 Cool White 4000K', NULL, 95.00, 3, 63, '2023-11-20 01:22:21', '2023-11-20 01:22:21'),
(177, '¾ x 10m. หนา 0.175mm.', 'สีดำ', NULL, 20.00, 10, 64, '2023-11-20 01:27:03', '2023-11-20 01:27:03'),
(178, '¾ x 10m. หนา 0.175mm.', 'สีขาว', NULL, 20.00, 10, 64, '2023-11-20 01:27:03', '2023-11-20 01:27:03'),
(179, '¾ x 10m. หนา 0.175mm.', 'สีเทา', NULL, 20.00, 10, 64, '2023-11-20 01:27:03', '2023-11-20 01:27:03'),
(180, 'ดำ ', 'Yazaki', NULL, 16.00, 10, 67, '2023-11-20 01:29:01', '2023-11-20 01:29:01'),
(181, 'ขาว', 'Yazaki', NULL, 18.00, 10, 67, '2023-11-20 01:29:01', '2023-11-20 01:29:01'),
(182, 'เทา', 'Yazaki', NULL, 18.00, 10, 67, '2023-11-20 01:29:01', '2023-11-20 01:29:01'),
(183, 'เขียว', 'Yazaki', NULL, 18.00, 10, 67, '2023-11-20 01:29:01', '2023-11-20 01:29:01'),
(184, 'เวเบอร์ ตราตุ๊กแก', 'ขาว', NULL, 28.00, 20, 68, '2023-11-20 02:39:02', '2023-11-20 02:39:02'),
(185, 'เวเบอร์ ตราตุ๊กแก', 'ครีม', NULL, 38.00, 20, 68, '2023-11-20 02:39:02', '2023-11-20 02:39:02'),
(186, 'เวเบอร์ ตราตุ๊กแก', 'เทา', NULL, 38.00, 20, 68, '2023-11-20 02:39:02', '2023-11-20 02:39:02'),
(187, 'เวเบอร์ ตราตุ๊กแก', 'ดำ', NULL, 38.00, 20, 68, '2023-11-20 02:39:02', '2023-11-20 02:39:02'),
(188, 'ตราหมี', '1 x 16', NULL, 10.00, 10, 72, '2023-11-20 03:03:30', '2023-11-20 03:03:30'),
(189, 'ตราหมี', '1½ x 14', NULL, 10.00, 10, 72, '2023-11-20 03:03:30', '2023-11-20 03:03:30'),
(190, 'ตราหมี', '2 x 13', NULL, 10.00, 10, 72, '2023-11-20 03:03:30', '2023-11-20 03:03:30'),
(191, 'ตราหมี', '2½ x 12', NULL, 10.00, 10, 72, '2023-11-20 03:03:30', '2023-11-20 03:03:30'),
(192, 'ตราหมี', '3 x 10', NULL, 10.00, 10, 72, '2023-11-20 03:03:30', '2023-11-20 03:03:30'),
(193, 'ตราหมี', '4 x 7', NULL, 10.00, 10, 72, '2023-11-20 03:03:30', '2023-11-20 03:03:30'),
(194, 'ตราเพชร', '9 x 1”', NULL, 40.00, 20, 73, '2023-11-20 03:08:48', '2023-11-20 03:08:48'),
(195, 'ตราเพชร', '12 x 1”', NULL, 45.00, 20, 73, '2023-11-20 03:08:48', '2023-11-20 03:08:48'),
(196, 'ตราเพชร', '12 x 1½”', NULL, 50.00, 20, 73, '2023-11-20 03:08:48', '2023-11-20 03:08:48'),
(197, 'ยี่ห้อ META ตะปูดำ', '9 x 1”', NULL, 55.00, 20, 73, '2023-11-20 03:08:48', '2023-11-20 03:08:48'),
(198, 'ยี่ห้อ META ตะปูดำ', '12 x 1”', NULL, 60.00, 20, 73, '2023-11-20 03:08:48', '2023-11-20 03:08:48'),
(199, 'ยี่ห้อ META ตะปูดำ', '12 x 1½”', NULL, 65.00, 20, 73, '2023-11-20 03:08:48', '2023-11-20 03:08:48'),
(200, 'SCG', '6mm. x 10m.', NULL, 78.00, 15, 74, '2023-11-20 03:11:29', '2023-11-20 03:11:29'),
(201, 'SCG', '9mm. x 10m.', NULL, 139.00, 15, 74, '2023-11-20 03:11:29', '2023-11-20 03:11:29'),
(202, 'SCG', '12mm. x 10m.', NULL, 245.00, 15, 74, '2023-11-20 03:11:29', '2023-11-20 03:11:29'),
(203, 'SCG', '15mm. x 10m.', NULL, 310.00, 15, 74, '2023-11-20 03:11:29', '2023-11-20 03:11:29'),
(204, 'SCG', '10mm. x 12m. SD 40', NULL, 199.00, 12, 75, '2023-11-20 03:20:55', '2023-11-20 03:20:55'),
(205, 'SCG', '12mm. x 12m. SD 40', NULL, 250.00, 12, 75, '2023-11-20 03:20:55', '2023-11-20 03:20:55'),
(206, 'SCG', '20mm. x 12m. SD', NULL, 428.00, 12, 75, '2023-11-20 03:20:55', '2023-11-20 03:20:55'),
(207, 'SCG', '25mm. x 12m. SD', NULL, 654.00, 12, 75, '2023-11-20 03:20:55', '2023-11-20 03:20:55'),
(208, 'SCG', '40 x 40 x 4.0mm.', NULL, 369.00, 20, 76, '2023-11-20 03:33:15', '2023-11-20 03:33:15'),
(209, 'SCG', '50 x 50 x 4.0mm.', NULL, 490.00, 20, 76, '2023-11-20 03:33:15', '2023-11-20 03:33:15'),
(210, 'SCG', '65 x 65 x 6.0mm.', NULL, 878.00, 20, 76, '2023-11-20 03:33:15', '2023-11-20 03:33:15'),
(211, 'SCG', '70 x 70 x64.0mm.', NULL, 1200.00, 20, 76, '2023-11-20 03:33:15', '2023-11-20 03:33:15'),
(212, 'SCG', '1” x 1.2mm. ยาว 6m.', NULL, 155.00, 10, 77, '2023-11-20 03:35:55', '2023-11-20 03:35:55'),
(213, 'SCG', '1 ½” x 1.2mm. ยาว 6m.', NULL, 238.00, 10, 77, '2023-11-20 03:35:55', '2023-11-20 03:35:55'),
(214, 'SCG', '2” x 1.2mm. ยาว 6m.', NULL, 310.00, 10, 77, '2023-11-20 03:35:55', '2023-11-20 03:35:55'),
(215, 'SCG', '2 ½”  x 1.2mm. ยาว 6m.', NULL, 567.00, 10, 77, '2023-11-20 03:35:55', '2023-11-20 03:35:55'),
(216, 'SCG', '3” x 1.2mm. ยาว 6m.', NULL, 612.00, 10, 77, '2023-11-20 03:35:55', '2023-11-20 03:35:55'),
(219, 'แดง', '0.875 ลิตร', NULL, 110.00, 5, 78, '2023-11-20 03:55:20', '2023-11-20 03:55:20'),
(220, 'เทา', '0.875 ลิตร', NULL, 110.00, 5, 78, '2023-11-20 03:55:20', '2023-11-20 03:55:20'),
(240, 'SCG', 'ขนาด ¼”', NULL, 28.00, 12, 26, '2023-11-28 23:49:36', '2023-11-28 23:49:36'),
(241, 'SCG', 'ขนาด ⅜”', NULL, 38.00, 12, 26, '2023-11-28 23:49:36', '2023-11-28 23:49:36'),
(261, 'ขนาด ½”', 'SCG', NULL, 7.00, 20, 81, '2023-11-29 00:07:28', '2023-11-29 00:07:28'),
(262, ' ขนาด ¾”', 'SCG', NULL, 10.00, 20, 81, '2023-11-29 00:07:28', '2023-11-29 00:07:28'),
(263, 'ขนาด 1”', 'SCG', NULL, 12.00, 15, 81, '2023-11-29 00:07:28', '2023-11-29 00:07:28'),
(264, 'ขนาด 1½”', 'SCG', NULL, 15.00, 15, 81, '2023-11-29 00:07:28', '2023-11-29 00:07:28'),
(265, 'SCG', 'ขนาด ½”', NULL, 30.00, 30, 82, '2023-11-29 00:07:42', '2023-11-29 00:07:42'),
(266, 'SCG', 'ขนาด ¾”', NULL, 36.00, 30, 82, '2023-11-29 00:07:42', '2023-11-29 00:07:42'),
(267, 'SCG', 'ขนาด ½”', NULL, 7.00, 50, 83, '2023-11-29 00:07:56', '2023-11-29 00:07:56'),
(268, 'SCG', 'ขนาด ¾”', NULL, 10.00, 50, 83, '2023-11-29 00:07:56', '2023-11-29 00:07:56'),
(269, 'SCG', 'ขนาด 1”', NULL, 12.00, 40, 83, '2023-11-29 00:07:56', '2023-11-29 00:07:56'),
(270, 'SCG', 'ขนาด 1½”', NULL, 15.00, 40, 83, '2023-11-29 00:07:56', '2023-11-29 00:07:56'),
(271, 'SCG', 'ขนาด 2”', NULL, 18.00, 30, 83, '2023-11-29 00:07:56', '2023-11-29 00:07:56'),
(283, 'SCG', 'ขนาด ½” ', NULL, 6.00, 50, 84, '2023-11-29 00:12:51', '2023-11-29 00:12:51'),
(284, 'SCG', 'ขนาด ¾”', NULL, 10.00, 50, 84, '2023-11-29 00:12:51', '2023-11-29 00:12:51'),
(285, 'SCG', 'ขนาด 1”', NULL, 13.00, 45, 84, '2023-11-29 00:12:51', '2023-11-29 00:12:51'),
(286, 'SCG', 'ขนาด 1 ½”', NULL, 16.00, 45, 84, '2023-11-29 00:12:51', '2023-11-29 00:12:51'),
(287, 'SCG', 'ขนาด 2”', NULL, 20.00, 40, 84, '2023-11-29 00:12:51', '2023-11-29 00:12:51'),
(304, 'SCG', 'ขนาด ½”', NULL, 8.00, 50, 85, '2023-11-29 00:20:39', '2023-11-29 00:20:39'),
(305, 'SCG', 'ขนาด ¾”', NULL, 12.00, 50, 85, '2023-11-29 00:20:39', '2023-11-29 00:20:39'),
(306, 'SCG', 'ขนาด 1”', NULL, 16.00, 50, 85, '2023-11-29 00:20:39', '2023-11-29 00:20:39'),
(312, 'SCG', 'ขนาด ½”', NULL, 5.00, 50, 58, '2023-11-29 01:37:27', '2023-11-29 01:37:27'),
(313, 'SCG', 'ขนาด ¾”', NULL, 7.00, 50, 58, '2023-11-29 01:37:27', '2023-11-29 01:37:27'),
(314, 'SCG', 'ขนาด 1”', NULL, 11.00, 50, 58, '2023-11-29 01:37:27', '2023-11-29 01:37:27'),
(315, 'SCG', 'ขนาด 1 ½” ', NULL, 14.00, 50, 58, '2023-11-29 01:37:27', '2023-11-29 01:37:27'),
(316, 'SCG', 'ขนาด 2”', NULL, 19.00, 50, 58, '2023-11-29 01:37:27', '2023-11-29 01:37:27'),
(319, 'SCG', 'ขนาด 1\"', NULL, 20.00, 50, 87, '2023-11-29 03:36:35', '2023-11-29 03:36:35'),
(320, 'SCG', 'ขนาด 2\"', NULL, 25.00, 50, 87, '2023-11-29 03:36:35', '2023-11-29 03:36:35'),
(333, 'ขนาด  ½”', 'SCG', 'A00221', 10.00, 60, 86, '2023-12-07 06:36:03', '2023-12-07 06:36:03'),
(334, 'ขนาด  ¾” ', 'SCG', 'A00431', 15.00, 60, 86, '2023-12-07 06:36:03', '2023-12-07 06:36:03'),
(335, 'ขนาด 1”', 'SCG', 'A00531', 18.00, 60, 86, '2023-12-07 06:36:03', '2023-12-07 06:36:03'),
(336, 'M', 'red', NULL, 20.00, 40, 88, '2023-12-07 06:37:28', '2023-12-07 06:37:28'),
(337, 'M', 'yellow', NULL, 20.00, 40, 88, '2023-12-07 06:37:28', '2023-12-07 06:37:28'),
(338, 'm', 'red', 'A001', 32324.00, 234, 89, '2023-12-07 06:55:59', '2023-12-07 06:55:59');

-- --------------------------------------------------------

--
-- Table structure for table `listsales`
--

CREATE TABLE `listsales` (
  `id` bigint(20) UNSIGNED NOT NULL,
  `order_code` varchar(255) NOT NULL,
  `user_id` bigint(20) UNSIGNED NOT NULL,
  `count_cart` int(11) NOT NULL,
  `get_money` decimal(13,2) NOT NULL,
  `change_money` decimal(13,2) NOT NULL,
  `product_total_price` decimal(13,2) NOT NULL,
  `vat` decimal(13,2) NOT NULL,
  `price_sum_vat` decimal(13,2) NOT NULL,
  `created_at` timestamp NULL DEFAULT NULL,
  `updated_at` timestamp NULL DEFAULT NULL
) ENGINE=InnoDB DEFAULT CHARSET=utf8mb4 COLLATE=utf8mb4_unicode_ci;

--
-- Dumping data for table `listsales`
--

INSERT INTO `listsales` (`id`, `order_code`, `user_id`, `count_cart`, `get_money`, `change_money`, `product_total_price`, `vat`, `price_sum_vat`, `created_at`, `updated_at`) VALUES
(58, '#23102536335', 1, 1, 100.00, 10.00, 90.00, 0.00, 90.00, '2023-10-25 12:23:56', '2023-10-25 12:23:56'),
(59, '#23102599131', 1, 1, 200.00, 100.00, 100.00, 0.00, 100.00, '2023-10-25 13:04:43', '2023-10-25 13:04:43'),
(60, '#23102539692', 1, 1, 80.00, 52.00, 28.00, 0.00, 28.00, '2023-10-25 14:18:09', '2023-10-25 14:18:09'),
(61, '#23102519905', 1, 1, 38.00, 0.00, 38.00, 0.00, 38.00, '2023-10-25 14:18:26', '2023-10-25 14:18:26'),
(62, '#23102584276', 1, 1, 77.00, 14.94, 58.00, 4.06, 62.06, '2023-10-25 14:18:46', '2023-10-25 14:18:46'),
(63, '#23102594546', 1, 1, 200.00, 48.00, 152.00, 0.00, 152.00, '2023-10-25 14:19:02', '2023-10-25 14:19:02'),
(64, '#23102559298', 1, 1, 744.00, 605.00, 139.00, 0.00, 139.00, '2023-10-25 14:19:17', '2023-10-25 14:19:17'),
(65, '#23102579047', 1, 1, 400.00, 251.27, 139.00, 9.73, 148.73, '2023-10-25 14:19:32', '2023-10-25 14:19:32'),
(66, '#23102531760', 1, 1, 80.00, 4.00, 76.00, 0.00, 76.00, '2023-10-25 14:19:52', '2023-10-25 14:19:52'),
(67, '#23102579844', 1, 1, 808.00, 732.00, 76.00, 0.00, 76.00, '2023-10-25 14:20:00', '2023-10-25 14:20:00'),
(68, '#23102550296', 1, 1, 80.00, 39.34, 38.00, 2.66, 40.66, '2023-10-25 14:20:30', '2023-10-25 14:20:30'),
(69, '#23102529353', 1, 1, 500.00, 53.81, 417.00, 29.19, 446.19, '2023-10-25 14:21:26', '2023-10-25 14:21:26'),
(70, '#23102554169', 1, 1, 80.00, 40.00, 40.00, 0.00, 40.00, '2023-10-25 14:23:03', '2023-10-25 14:23:03'),
(71, '#23102583148', 1, 1, 88.00, 22.00, 66.00, 0.00, 66.00, '2023-10-25 14:23:42', '2023-10-25 14:23:42'),
(72, '#23102520134', 1, 1, 88.00, 22.00, 66.00, 0.00, 66.00, '2023-10-25 14:23:59', '2023-10-25 14:23:59'),
(73, '#23102737701', 1, 1, 100.00, 34.00, 66.00, 0.00, 66.00, '2023-10-26 23:13:03', '2023-10-26 23:13:03'),
(74, '#23102733663', 1, 1, 203.30, 0.00, 190.00, 13.30, 203.30, '2023-10-27 00:40:32', '2023-10-27 00:40:32'),
(75, '#23102775021', 1, 1, 100.00, 11.19, 83.00, 5.81, 88.81, '2023-10-27 02:16:00', '2023-10-27 02:16:00'),
(76, '#23102729282', 1, 1, 100.00, 11.19, 83.00, 5.81, 88.81, '2023-10-27 02:16:25', '2023-10-27 02:16:25'),
(77, '#23102789670', 1, 1, 88.81, 0.00, 83.00, 5.81, 88.81, '2023-10-27 02:16:40', '2023-10-27 02:16:40'),
(78, '#23102798310', 1, 1, 120.00, 5.00, 115.00, 0.00, 115.00, '2023-10-27 02:17:24', '2023-10-27 02:17:24'),
(79, '#23102720927', 1, 1, 500.00, 270.00, 230.00, 0.00, 230.00, '2023-10-27 02:20:50', '2023-10-27 02:20:50'),
(80, '#23102795330', 1, 1, 180.00, 0.00, 180.00, 0.00, 180.00, '2023-10-27 02:44:43', '2023-10-27 02:44:43'),
(81, '#23102791145', 1, 1, 700.00, 561.00, 139.00, 0.00, 139.00, '2023-10-27 03:03:20', '2023-10-27 03:03:20'),
(82, '#23103132537', 1, 1, 80.00, 50.00, 30.00, 0.00, 30.00, '2023-10-31 04:57:04', '2023-10-31 04:57:04'),
(83, '#23103178300', 1, 1, 85.00, 0.00, 85.00, 0.00, 85.00, '2023-10-31 05:02:24', '2023-10-31 05:02:24'),
(84, '#23103162399', 1, 1, 900.00, 770.00, 130.00, 0.00, 130.00, '2023-10-31 05:05:37', '2023-10-31 05:05:37'),
(85, '#23103183692', 1, 1, 80.00, 35.00, 45.00, 0.00, 45.00, '2023-10-31 05:20:13', '2023-10-31 05:20:13'),
(86, '#23103116589', 1, 1, 80.00, 35.00, 45.00, 0.00, 45.00, '2023-10-31 05:23:05', '2023-10-31 05:23:05'),
(87, '#23111767383', 1, 1, 800.00, 755.00, 45.00, 0.00, 45.00, '2023-11-17 03:57:18', '2023-11-17 03:57:18'),
(88, '#23112098276', 1, 1, 800.00, 451.00, 349.00, 0.00, 349.00, '2023-11-20 01:22:36', '2023-11-20 01:22:36'),
(89, '#23112970836', 1, 1, 400.00, 90.00, 310.00, 0.00, 310.00, '2023-11-28 20:12:32', '2023-11-28 20:12:32'),
(90, '#23112998890', 1, 1, 95.00, 0.00, 95.00, 0.00, 95.00, '2023-11-28 22:53:34', '2023-11-28 22:53:34'),
(91, '#23112971723', 1, 1, 200.00, 6.00, 194.00, 0.00, 194.00, '2023-11-28 22:54:42', '2023-11-28 22:54:42'),
(92, '#23112925266', 1, 1, 100.00, 10.00, 90.00, 0.00, 90.00, '2023-11-28 23:01:13', '2023-11-28 23:01:13'),
(93, '#23112999646', 1, 1, 175.00, 0.00, 175.00, 0.00, 175.00, '2023-11-28 23:19:30', '2023-11-28 23:19:30'),
(94, '#23112976960', 1, 1, 30.00, 6.00, 24.00, 0.00, 24.00, '2023-11-29 01:20:36', '2023-11-29 01:20:36'),
(95, '#23112984399', 1, 1, 200.00, 0.00, 200.00, 0.00, 200.00, '2023-11-29 01:25:41', '2023-11-29 01:25:41'),
(96, '#23112943788', 1, 1, 22.00, 0.00, 22.00, 0.00, 22.00, '2023-11-29 01:28:39', '2023-11-29 01:28:39'),
(97, '#23112935470', 1, 1, 50.00, 16.00, 34.00, 0.00, 34.00, '2023-11-29 01:38:09', '2023-11-29 01:38:09'),
(98, '#23112948424', 1, 1, 25.00, 3.00, 22.00, 0.00, 22.00, '2023-11-29 01:39:10', '2023-11-29 01:39:10'),
(99, '#23112960962', 1, 1, 25.00, 0.00, 25.00, 0.00, 25.00, '2023-11-29 01:58:07', '2023-11-29 01:58:07'),
(100, '#23112949874', 1, 1, 25.00, 4.00, 21.00, 0.00, 21.00, '2023-11-29 01:59:19', '2023-11-29 01:59:19'),
(101, '#23112920655', 1, 1, 50.00, 24.00, 26.00, 0.00, 26.00, '2023-11-29 02:39:09', '2023-11-29 02:39:09'),
(102, '#23112915173', 1, 1, 20.00, 5.00, 15.00, 0.00, 15.00, '2023-11-29 02:39:53', '2023-11-29 02:39:53'),
(103, '#23112991576', 1, 1, 25.68, 0.00, 24.00, 1.68, 25.68, '2023-11-29 02:41:27', '2023-11-29 02:41:27'),
(104, '#23112964950', 1, 1, 80.00, 58.00, 22.00, 0.00, 22.00, '2023-11-29 03:33:48', '2023-11-29 03:33:48');

-- --------------------------------------------------------

--
-- Table structure for table `migrations`
--

CREATE TABLE `migrations` (
  `id` int(10) UNSIGNED NOT NULL,
  `migration` varchar(255) NOT NULL,
  `batch` int(11) NOT NULL
) ENGINE=InnoDB DEFAULT CHARSET=utf8mb4 COLLATE=utf8mb4_unicode_ci;

--
-- Dumping data for table `migrations`
--

INSERT INTO `migrations` (`id`, `migration`, `batch`) VALUES
(1, '2014_10_12_100000_create_password_reset_tokens_table', 1),
(2, '2019_08_19_000000_create_failed_jobs_table', 1),
(3, '2019_12_14_000001_create_personal_access_tokens_table', 1),
(4, '2023_08_27_160530_create_categories_table', 1),
(5, '2023_08_27_160546_create_subcategories_table', 1),
(6, '2023_09_16_132820_create_departments_table', 1),
(7, '2023_09_21_055709_create_my_shops_table', 1),
(8, '2023_08_27_155423_create_products_table', 2),
(9, '2014_10_12_000000_create_users_table', 3),
(10, '2023_08_28_103411_create_listsales_table', 4),
(11, '2023_08_31_151129_create_orders_table', 5),
(12, '2023_09_29_142310_create_type_counts_table', 6),
(13, '2023_10_13_074613_create_features_table', 7),
(14, '2023_10_13_093037_create_skus_table', 8);

-- --------------------------------------------------------

--
-- Table structure for table `my_shops`
--

CREATE TABLE `my_shops` (
  `id` bigint(20) UNSIGNED NOT NULL,
  `phone` varchar(255) DEFAULT NULL,
  `shop_name` varchar(255) DEFAULT NULL,
  `shop_img` varchar(255) DEFAULT NULL,
  `shop_address` longtext DEFAULT NULL,
  `line_token` longtext DEFAULT NULL,
  `created_at` timestamp NULL DEFAULT NULL,
  `updated_at` timestamp NULL DEFAULT NULL
) ENGINE=InnoDB DEFAULT CHARSET=utf8mb4 COLLATE=utf8mb4_unicode_ci;

--
-- Dumping data for table `my_shops`
--

INSERT INTO `my_shops` (`id`, `phone`, `shop_name`, `shop_img`, `shop_address`, `line_token`, `created_at`, `updated_at`) VALUES
(1, '0829324169', 'ร้านขายวัสดุก่อสร้าง', '1698268579.png', 'เชียงราย', 'tPoFcNF0KOgWpQx4eG1jriMP3SXJyYEK6MfPLr2rm9L', '2023-09-23 10:11:20', '2023-10-31 05:22:47');

-- --------------------------------------------------------

--
-- Table structure for table `orders`
--

CREATE TABLE `orders` (
  `id` bigint(20) UNSIGNED NOT NULL,
  `product_cost` decimal(8,2) NOT NULL,
  `product_price` decimal(8,2) NOT NULL,
  `product_qty` int(11) NOT NULL,
  `product_total_price` decimal(8,2) NOT NULL,
  `vat` decimal(8,2) NOT NULL,
  `product_id` bigint(20) UNSIGNED NOT NULL,
  `feature` varchar(100) DEFAULT NULL,
  `listsale_id` bigint(20) UNSIGNED NOT NULL
) ENGINE=InnoDB DEFAULT CHARSET=utf8mb4 COLLATE=utf8mb4_unicode_ci;

--
-- Dumping data for table `orders`
--

INSERT INTO `orders` (`id`, `product_cost`, `product_price`, `product_qty`, `product_total_price`, `vat`, `product_id`, `feature`, `listsale_id`) VALUES
(2, 0.00, 45.00, 2, 90.00, 0.00, 26, 'SCG/ขนาด ½” ชั้น 8.5', 58),
(3, 0.00, 45.00, 1, 100.00, 0.00, 26, 'SCG/ขนาด ½” ชั้น 8.5', 59),
(4, 0.00, 55.00, 1, 100.00, 0.00, 26, 'SCG/ขนาด ¾” ชั้น 8.5', 59),
(5, 0.00, 28.00, 1, 28.00, 0.00, 26, 'SCG/ขนาด ¼”', 60),
(6, 0.00, 38.00, 1, 38.00, 0.00, 26, 'SCG/ขนาด ⅜”', 61),
(7, 0.00, 38.00, 1, 62.06, 4.06, 26, 'SCG/ขนาด ⅜”', 62),
(8, 0.00, 20.00, 1, 62.06, 4.06, 27, '2 x 2.5Sg. mm. 30m./ขาว', 62),
(9, 0.00, 38.00, 4, 152.00, 0.00, 26, 'SCG/ขนาด ⅜”', 63),
(10, 130.00, 139.00, 1, 139.00, 0.00, 28, 'null', 64),
(11, 130.00, 139.00, 1, 148.73, 9.73, 28, 'null', 65),
(12, 0.00, 20.00, 1, 76.00, 0.00, 27, '2 x 2.5Sg. mm. 30m./ขาว', 66),
(13, 0.00, 28.00, 2, 76.00, 0.00, 26, 'SCG/ขนาด ¼”', 66),
(14, 0.00, 20.00, 1, 76.00, 0.00, 27, '2 x 2.5Sg. mm. 30m./ขาว', 67),
(15, 0.00, 28.00, 2, 76.00, 0.00, 26, 'SCG/ขนาด ¼”', 67),
(16, 0.00, 38.00, 1, 40.66, 2.66, 26, 'SCG/ขนาด ⅜”', 68),
(17, 130.00, 139.00, 3, 446.19, 29.19, 28, 'null', 69),
(18, 0.00, 20.00, 1, 40.00, 0.00, 27, '2 x 2.0Sg. mm. 30m./ขาว', 70),
(19, 0.00, 20.00, 1, 40.00, 0.00, 27, '2 x 2.5Sg. mm. 30m./ขาว', 70),
(20, 0.00, 38.00, 1, 66.00, 0.00, 26, 'SCG/ขนาด ⅜”', 71),
(21, 0.00, 28.00, 1, 66.00, 0.00, 26, 'SCG/ขนาด ¼”', 71),
(22, 0.00, 38.00, 1, 66.00, 0.00, 26, 'SCG/ขนาด ⅜”', 72),
(23, 0.00, 28.00, 1, 66.00, 0.00, 26, 'SCG/ขนาด ¼”', 72),
(24, 0.00, 28.00, 1, 66.00, 0.00, 26, 'SCG/ขนาด ¼”', 73),
(25, 0.00, 38.00, 1, 66.00, 0.00, 26, 'SCG/ขนาด ⅜”', 73),
(26, 0.00, 40.00, 1, 203.30, 13.30, 58, 'rr/red', 74),
(27, 0.00, 50.00, 1, 203.30, 13.30, 58, 'rr/black', 74),
(28, 0.00, 45.00, 1, 203.30, 13.30, 58, 'tt/red', 74),
(29, 0.00, 55.00, 1, 203.30, 13.30, 58, 'tt/black', 74),
(30, 0.00, 25.00, 1, 88.81, 5.81, 59, 'สีดำ /ขนาด 0.05 ลิตร', 75),
(31, 0.00, 28.00, 1, 88.81, 5.81, 59, 'สีแดง/ขนาด 0.05 ลิตร', 75),
(32, 0.00, 30.00, 1, 88.81, 5.81, 59, 'สีเหลือง/ขนาด 0.05 ลิตร', 75),
(33, 0.00, 25.00, 1, 88.81, 5.81, 59, 'สีดำ /ขนาด 0.05 ลิตร', 76),
(34, 0.00, 28.00, 1, 88.81, 5.81, 59, 'สีแดง/ขนาด 0.05 ลิตร', 76),
(35, 0.00, 30.00, 1, 88.81, 5.81, 59, 'สีเหลือง/ขนาด 0.05 ลิตร', 76),
(36, 0.00, 25.00, 1, 88.81, 5.81, 59, 'สีดำ /ขนาด 0.05 ลิตร', 77),
(37, 0.00, 28.00, 1, 88.81, 5.81, 59, 'สีแดง/ขนาด 0.05 ลิตร', 77),
(38, 0.00, 30.00, 1, 88.81, 5.81, 59, 'สีเหลือง/ขนาด 0.05 ลิตร', 77),
(39, 0.00, 32.00, 1, 115.00, 0.00, 59, 'สีน้ำเงิน/ขนาด 0.05 ลิตร', 78),
(40, 0.00, 30.00, 1, 115.00, 0.00, 59, 'สีเหลือง/ขนาด 0.05 ลิตร', 78),
(41, 0.00, 28.00, 1, 115.00, 0.00, 59, 'สีแดง/ขนาด 0.05 ลิตร', 78),
(42, 0.00, 25.00, 1, 115.00, 0.00, 59, 'สีดำ /ขนาด 0.05 ลิตร', 78),
(43, 0.00, 32.00, 2, 230.00, 0.00, 59, 'สีน้ำเงิน/ขนาด 0.05 ลิตร', 79),
(44, 0.00, 30.00, 2, 230.00, 0.00, 59, 'สีเหลือง/ขนาด 0.05 ลิตร', 79),
(45, 0.00, 28.00, 2, 230.00, 0.00, 59, 'สีแดง/ขนาด 0.05 ลิตร', 79),
(46, 0.00, 25.00, 2, 230.00, 0.00, 59, 'สีดำ /ขนาด 0.05 ลิตร', 79),
(47, 0.00, 45.00, 4, 180.00, 0.00, 58, 'tt/red', 80),
(48, 130.00, 139.00, 1, 139.00, 0.00, 28, 'null', 81),
(49, 0.00, 30.00, 1, 30.00, 0.00, 59, 'สีเหลือง/ขนาด 0.05 ลิตร', 82),
(50, 0.00, 30.00, 1, 85.00, 0.00, 59, 'สีเหลือง/ขนาด 0.05 ลิตร', 83),
(51, 0.00, 55.00, 1, 85.00, 0.00, 58, 'tt/black', 83),
(52, 0.00, 30.00, 1, 130.00, 0.00, 59, 'สีเหลือง/ขนาด 0.05 ลิตร', 84),
(53, 0.00, 55.00, 1, 130.00, 0.00, 58, 'tt/black', 84),
(54, 0.00, 45.00, 1, 130.00, 0.00, 58, 'tt/red', 84),
(55, 0.00, 45.00, 1, 45.00, 0.00, 58, 'tt/red', 85),
(56, 0.00, 45.00, 1, 45.00, 0.00, 58, 'tt/red', 86),
(57, 0.00, 45.00, 1, 45.00, 0.00, 58, 'tt/red', 87),
(58, 0.00, 129.00, 1, 349.00, 0.00, 63, 'Philips Tornado/14W ขั้วเกลียว E27 Cool White 4000K', 88),
(59, 0.00, 150.00, 1, 349.00, 0.00, 63, 'Philips Tornado/18W ขั้วเกลียว E27 Cool White 4000K', 88),
(60, 0.00, 70.00, 1, 349.00, 0.00, 63, 'Philips LED/14W ขั้วเกลียว E27 Warm White 2700K', 88),
(61, 0.00, 310.00, 1, 310.00, 0.00, 77, 'SCG/2” x 1.2mm. ยาว 6m.', 89),
(62, 0.00, 35.00, 2, 95.00, 0.00, 62, 'SCG/⅜”', 90),
(63, 0.00, 25.00, 1, 95.00, 0.00, 62, 'SCG/¼”', 90),
(64, 0.00, 36.00, 4, 194.00, 0.00, 82, 'SCG/ขนาด ¾”', 91),
(65, 0.00, 25.00, 2, 194.00, 0.00, 62, 'SCG/¼”', 91),
(66, 0.00, 45.00, 1, 90.00, 0.00, 73, 'ตราเพชร/12 x 1”', 92),
(67, 40.00, 45.00, 1, 90.00, 0.00, 71, 'null', 92),
(68, 0.00, 110.00, 1, 175.00, 0.00, 78, 'เทา/0.875 ลิตร', 93),
(69, 33.00, 38.00, 1, 175.00, 0.00, 79, 'null', 93),
(70, 0.00, 12.00, 1, 175.00, 0.00, 81, 'ขนาด 1”/SCG', 93),
(71, 0.00, 15.00, 1, 175.00, 0.00, 81, 'ขนาด 1½”/SCG', 93),
(72, 0.00, 12.00, 2, 24.00, 0.00, 85, 'SCG/ขนาด ¾”', 94),
(73, 0.00, 100.00, 1, 200.00, 0.00, 86, 'ขนาด 2\"/SCG', 95),
(74, 0.00, 100.00, 1, 200.00, 0.00, 86, 'ขนาด 3\"/SCG', 95),
(75, 0.00, 10.00, 1, 22.00, 0.00, 81, 'ขนาด ¾”/SCG', 96),
(76, 0.00, 12.00, 1, 22.00, 0.00, 81, 'ขนาด 1”/SCG', 96),
(77, 0.00, 5.00, 4, 34.00, 0.00, 58, 'SCG/ขนาด ½”', 97),
(78, 0.00, 7.00, 2, 34.00, 0.00, 58, 'SCG/ขนาด ¾”', 97),
(79, 0.00, 12.00, 1, 22.00, 0.00, 83, 'SCG/ขนาด 1”', 98),
(80, 0.00, 10.00, 1, 22.00, 0.00, 86, 'ขนาด  ½”/SCG', 98),
(81, 0.00, 15.00, 1, 25.00, 0.00, 86, 'ขนาด  ¾” /SCG', 99),
(82, 0.00, 10.00, 1, 25.00, 0.00, 86, 'ขนาด  ½”/SCG', 99),
(83, 0.00, 8.00, 1, 21.00, 0.00, 85, 'SCG/ขนาด ½”', 100),
(84, 0.00, 13.00, 1, 21.00, 0.00, 84, 'SCG/ขนาด 1”', 100),
(85, 0.00, 10.00, 1, 26.00, 0.00, 86, 'ขนาด  ½”/SCG', 101),
(86, 0.00, 16.00, 1, 26.00, 0.00, 85, 'SCG/ขนาด 1”', 101),
(87, 0.00, 8.00, 1, 15.00, 0.00, 85, 'SCG/ขนาด ½”', 102),
(88, 0.00, 7.00, 1, 15.00, 0.00, 83, 'SCG/ขนาด ½”', 102),
(89, 0.00, 12.00, 1, 25.68, 1.68, 83, 'SCG/ขนาด 1”', 103),
(90, 0.00, 12.00, 1, 25.68, 1.68, 81, 'ขนาด 1”/SCG', 103),
(91, 0.00, 10.00, 1, 22.00, 0.00, 84, 'SCG/ขนาด ¾”', 104),
(92, 0.00, 12.00, 1, 22.00, 0.00, 81, 'ขนาด 1”/SCG', 104);

-- --------------------------------------------------------

--
-- Table structure for table `password_reset_tokens`
--

CREATE TABLE `password_reset_tokens` (
  `email` varchar(255) NOT NULL,
  `token` varchar(255) NOT NULL,
  `created_at` timestamp NULL DEFAULT NULL
) ENGINE=InnoDB DEFAULT CHARSET=utf8mb4 COLLATE=utf8mb4_unicode_ci;

-- --------------------------------------------------------

--
-- Table structure for table `personal_access_tokens`
--

CREATE TABLE `personal_access_tokens` (
  `id` bigint(20) UNSIGNED NOT NULL,
  `tokenable_type` varchar(255) NOT NULL,
  `tokenable_id` bigint(20) UNSIGNED NOT NULL,
  `name` varchar(255) NOT NULL,
  `token` varchar(64) NOT NULL,
  `abilities` text DEFAULT NULL,
  `last_used_at` timestamp NULL DEFAULT NULL,
  `expires_at` timestamp NULL DEFAULT NULL,
  `created_at` timestamp NULL DEFAULT NULL,
  `updated_at` timestamp NULL DEFAULT NULL
) ENGINE=InnoDB DEFAULT CHARSET=utf8mb4 COLLATE=utf8mb4_unicode_ci;

-- --------------------------------------------------------

--
-- Table structure for table `products`
--

CREATE TABLE `products` (
  `id` bigint(20) UNSIGNED NOT NULL,
  `product_img` longtext DEFAULT NULL,
  `product_name` varchar(255) NOT NULL,
  `product_price` decimal(14,2) DEFAULT NULL,
  `product_cost` decimal(14,2) DEFAULT NULL,
  `description` text DEFAULT NULL,
  `code` varchar(255) DEFAULT NULL,
  `stock` int(11) DEFAULT NULL,
  `weight` varchar(255) DEFAULT NULL,
  `Expiry_Date` varchar(255) DEFAULT NULL,
  `category_id` bigint(20) UNSIGNED DEFAULT NULL,
  `status` int(1) NOT NULL DEFAULT 1,
  `sub_category_id` bigint(20) UNSIGNED DEFAULT NULL,
  `sku_name1` varchar(255) DEFAULT NULL,
  `sku_name2` varchar(255) DEFAULT NULL,
  `created_at` timestamp NULL DEFAULT NULL,
  `updated_at` timestamp NULL DEFAULT NULL
) ENGINE=InnoDB DEFAULT CHARSET=utf8mb4 COLLATE=utf8mb4_unicode_ci;

--
-- Dumping data for table `products`
--

INSERT INTO `products` (`id`, `product_img`, `product_name`, `product_price`, `product_cost`, `description`, `code`, `stock`, `weight`, `Expiry_Date`, `category_id`, `status`, `sub_category_id`, `sku_name1`, `sku_name2`, `created_at`, `updated_at`) VALUES
(26, '1698261360.webp', 'ท่อPVC', 0.00, 0.00, NULL, 'W100', -19, 'null', '2024-10-15', 3, 1, 4, 'brand', 'color', '2023-10-25 12:16:00', '2023-11-23 11:20:06'),
(27, '1698267288.jpg', 'สายไฟฟ้าเรเซอร์VAF', 0.00, 0.00, NULL, 'W300', 0, 'null', 'null', 4, 1, 11, 'size', 'color', '2023-10-25 13:53:43', '2023-10-27 00:22:10'),
(28, '1698268042.jpg', 'ปูนเสือ มอร์ตาร์ ปูนซีเมนต์สำเร็จรูป', 139.00, 130.00, NULL, 'W400', 1, '50kg.', 'null', 5, 1, 12, NULL, NULL, '2023-10-25 14:06:45', '2023-11-23 11:19:56'),
(58, '1698397785.jpg', 'ข้อตัวต่อ PVC', 0.00, 0.00, NULL, 'w900', -6, 'null', 'null', 3, 1, 27, 'brand', 'size', '2023-10-27 00:39:18', '2023-11-29 01:38:09'),
(59, '1698398122.jpg', 'สีน้ำมันเคลือบเงา', 0.00, 0.00, NULL, 'w101', -24, 'null', 'null', 10, 1, NULL, 'color', 'size', '2023-10-27 02:15:22', '2023-10-31 05:05:37'),
(61, '1700467772.jpg', 'ท่อPVC ท่อร้อยสายไฟ', 0.00, 0.00, NULL, 'W103', 0, 'null', 'null', 3, 1, 4, 'brand', 'color', '2023-11-20 01:08:50', '2023-11-20 01:09:33'),
(62, '1700467997.jpg', 'ท่อPVC ท่อสีเทา', NULL, NULL, NULL, 'w104', -5, NULL, NULL, 3, 1, 6, 'brand', 'size', '2023-11-20 01:13:17', '2023-11-28 22:54:42'),
(63, '1700468332.jpg', 'หลอดไฟ', 0.00, 0.00, NULL, 'w105', -3, 'null', 'null', 4, 1, 13, 'brand', 'size', '2023-11-20 01:17:38', '2023-11-20 01:22:36'),
(64, '1700468823.jpg', 'เทปพันสายไฟ 3M รุ่น1710', NULL, NULL, NULL, 'w106', NULL, NULL, NULL, 4, 1, 14, 'size', 'color', '2023-11-20 01:27:03', '2023-11-20 01:27:03'),
(67, '1700468941.jpg', 'เทปพันสายไฟ Yazaki', NULL, NULL, NULL, 'w107', NULL, NULL, NULL, 4, 1, 14, 'color', 'brand', '2023-11-20 01:29:01', '2023-11-20 01:29:01'),
(68, '1700473142.webp', 'ปูนยาแนว', NULL, NULL, NULL, 'w106', NULL, NULL, NULL, 5, 1, 12, 'brand', 'color', '2023-11-20 02:39:02', '2023-11-20 02:39:02'),
(69, '1700473302.jpg', 'หิน', 40.00, 37.00, NULL, 'w107', 10, 'null', 'null', 6, 1, 16, NULL, NULL, '2023-11-20 02:41:42', '2023-11-20 02:41:52'),
(70, '1700473740.jpg', 'ทรายหยาบ', 45.00, 40.00, NULL, 'w108', 15, NULL, NULL, 6, 1, NULL, NULL, NULL, '2023-11-20 02:49:00', '2023-11-20 02:49:00'),
(71, '1700473880.jpg', 'ทรายละเอียด', 45.00, 40.00, NULL, 'w109', 14, NULL, NULL, 6, 1, NULL, NULL, NULL, '2023-11-20 02:51:20', '2023-11-28 23:01:13'),
(72, '1700474610.jpg', 'ตะปูตอกไม้(1 ลัง)', NULL, NULL, NULL, 'w109', NULL, NULL, NULL, 7, 1, 17, 'brand', 'size', '2023-11-20 03:03:30', '2023-11-20 03:03:30'),
(73, '1700474928.jpg', 'ตะปูคอนกรีต', NULL, NULL, NULL, 'w110', -1, NULL, NULL, 7, 1, 18, 'size', 'size', '2023-11-20 03:08:48', '2023-11-28 23:01:13'),
(74, '1700475089.jpg', 'เหล็กเส้นกลม', NULL, NULL, NULL, 'w111', NULL, NULL, NULL, 8, 1, NULL, 'brand', 'size', '2023-11-20 03:11:29', '2023-11-20 03:11:29'),
(75, '1700475655.jpg', 'เหล็กข้ออ้อย', NULL, NULL, NULL, 'w112', NULL, NULL, NULL, 8, 1, 20, 'brand', 'size', '2023-11-20 03:20:55', '2023-11-20 03:20:55'),
(76, '1700476395.png', 'เหล็กฉาก', NULL, NULL, NULL, 'w113', NULL, NULL, NULL, 8, 1, 21, 'size', 'size', '2023-11-20 03:33:15', '2023-11-20 03:33:15'),
(77, '1700476555.jpg', 'ท่อเหล็กกลม', NULL, NULL, NULL, 'w114', -1, NULL, NULL, 8, 1, 22, 'brand', 'size', '2023-11-20 03:35:55', '2023-11-28 20:12:32'),
(78, '1700477720.jpeg', 'สีกันสนิมLOBSTER', 0.00, 0.00, NULL, 'w115', -1, 'null', 'null', 10, 1, 25, 'color', 'size', '2023-11-20 03:55:10', '2023-11-28 23:19:30'),
(79, '1700477823.jpg', 'ทินเนอร์', 38.00, 33.00, NULL, 'w116', 11, NULL, NULL, 10, 1, 26, NULL, NULL, '2023-11-20 03:57:03', '2023-11-28 23:19:30'),
(80, '1700477890.jpg', 'น้ำมันสนเชียงใหม่', 100.00, 0.00, NULL, '148', 10, 'null', 'null', 10, 1, 26, NULL, NULL, '2023-11-20 03:58:10', '2023-12-07 06:02:54'),
(81, '1701234164.jpg', 'ข้อต่อตรงเกลียวใน-หนา ฟ้า', 0.00, 0.00, NULL, 'a001', -6, 'null', 'null', 3, 1, 27, 'size', 'brand', '2023-11-28 22:02:13', '2023-11-29 03:33:48'),
(82, '1701234356.jpg', 'ข้อต่อตรงเกลียวในทองเหลือง-หนา ฟ้า', 0.00, 0.00, NULL, 'a002', -4, 'null', 'null', 3, 1, 27, 'brand', 'size', '2023-11-28 22:05:57', '2023-11-29 00:07:42'),
(83, '1701234536.jpg', 'ข้อต่อตรงเกลียวนอก-หนา ฟ้า', 0.00, 0.00, NULL, 'a003', -3, 'null', 'null', 3, 1, 27, 'brand', 'size', '2023-11-28 22:08:56', '2023-11-29 02:41:27'),
(84, '1701240879.jpg', 'ข้องอ 90°-หนา ฟ้า', 0.00, 0.00, NULL, 'a004', -2, 'null', 'null', 3, 1, 27, 'brand', 'size', '2023-11-28 23:54:39', '2023-11-29 03:33:48'),
(85, '1701241640.jpg', 'ข้องอ 90°เกลียวใน-หนา ฟ้า', 0.00, 0.00, NULL, 'A005', -5, 'null', 'null', 3, 1, 27, 'brand', 'size', '2023-11-29 00:00:00', '2023-11-29 02:39:53'),
(86, '1701246295.jpg', 'ข้องอ 90°เกลียวนอก-หนา ฟ้า', 0.00, 0.00, NULL, 'S451', -4, 'null', 'null', 3, 1, 27, 'size', 'brand', '2023-11-29 01:24:55', '2023-11-29 02:39:09'),
(87, '1701251154.jpg', 'ข้องอ45', 0.00, 0.00, NULL, 'A006', 0, 'null', 'null', 3, 0, 27, 'brand', 'size', '2023-11-29 02:45:54', '2023-11-29 03:36:35');

-- --------------------------------------------------------

--
-- Table structure for table `skus`
--

CREATE TABLE `skus` (
  `id` bigint(20) UNSIGNED NOT NULL,
  `sku_name` varchar(255) NOT NULL,
  `created_at` timestamp NULL DEFAULT NULL,
  `updated_at` timestamp NULL DEFAULT NULL
) ENGINE=InnoDB DEFAULT CHARSET=utf8mb4 COLLATE=utf8mb4_unicode_ci;

--
-- Dumping data for table `skus`
--

INSERT INTO `skus` (`id`, `sku_name`, `created_at`, `updated_at`) VALUES
(11, 'size', '2023-10-25 12:06:28', '2023-10-25 12:06:28'),
(12, 'color', '2023-10-25 12:07:14', '2023-10-25 12:07:14'),
(13, 'brand', '2023-11-28 23:18:59', '2023-11-28 23:18:59');

-- --------------------------------------------------------

--
-- Table structure for table `subcategories`
--

CREATE TABLE `subcategories` (
  `id` bigint(20) UNSIGNED NOT NULL,
  `sub_category_name` varchar(255) NOT NULL,
  `category_id` bigint(20) UNSIGNED NOT NULL
) ENGINE=InnoDB DEFAULT CHARSET=utf8mb4 COLLATE=utf8mb4_unicode_ci;

--
-- Dumping data for table `subcategories`
--

INSERT INTO `subcategories` (`id`, `sub_category_name`, `category_id`) VALUES
(3, 'ท่อPVC ท่อน้ำฟ้า', 3),
(4, 'ท่อPVC ท่อร้อยสายไฟ', 3),
(6, 'ท่อPVC ท่อสีเทา', 3),
(8, 'กาวทาท่อ', 3),
(9, 'น้ำยาประสานท่อพีวีซีตราช้าง', 3),
(10, 'เทปพันเกลียว', 3),
(11, 'สายไฟ', 4),
(12, 'ปูน', 5),
(13, 'หลอดไฟฟ้า', 4),
(14, 'เทปพันสายไฟ', 4),
(15, 'ทราย', 6),
(16, 'หิน', 6),
(17, 'ตะปูตอกไม้', 7),
(18, 'ตะปูคอนกรีต', 7),
(19, 'เหล็กเส้นกลม', 8),
(20, 'เหล็กข้ออ้อย', 8),
(21, 'เหล็กฉาก', 8),
(22, 'ท่อเหล็กกลม', 8),
(24, 'สีน้ำมัน', 10),
(25, 'สีกันสนิม', 10),
(26, 'เคมีภัณฑ์', 10),
(27, 'ข้อต่อ PVC ฟ้า', 3);

-- --------------------------------------------------------

--
-- Table structure for table `type_counts`
--

CREATE TABLE `type_counts` (
  `id` bigint(20) UNSIGNED NOT NULL,
  `name_unit` varchar(255) NOT NULL,
  `count_unit` int(11) NOT NULL,
  `created_at` timestamp NULL DEFAULT NULL,
  `updated_at` timestamp NULL DEFAULT NULL
) ENGINE=InnoDB DEFAULT CHARSET=utf8mb4 COLLATE=utf8mb4_unicode_ci;

--
-- Dumping data for table `type_counts`
--

INSERT INTO `type_counts` (`id`, `name_unit`, `count_unit`, `created_at`, `updated_at`) VALUES
(6, 'ลัง', 12, '2023-09-29 07:56:10', '2023-09-29 07:56:10'),
(7, 'ครึ่งลัง', 6, '2023-09-29 07:56:26', '2023-09-29 08:26:57');

-- --------------------------------------------------------

--
-- Table structure for table `users`
--

CREATE TABLE `users` (
  `id` bigint(20) UNSIGNED NOT NULL,
  `first_name` varchar(255) NOT NULL,
  `last_name` varchar(255) NOT NULL,
  `salary` decimal(14,3) NOT NULL,
  `department_id` bigint(20) UNSIGNED DEFAULT NULL,
  `phone` varchar(255) DEFAULT NULL,
  `email` varchar(255) NOT NULL,
  `img` text DEFAULT NULL,
  `email_verified_at` timestamp NULL DEFAULT NULL,
  `password` varchar(255) NOT NULL,
  `is_admin` tinyint(1) NOT NULL DEFAULT 0,
  `status` int(11) NOT NULL DEFAULT 1,
  `remember_token` varchar(100) DEFAULT NULL,
  `created_at` timestamp NULL DEFAULT NULL,
  `updated_at` timestamp NULL DEFAULT NULL
) ENGINE=InnoDB DEFAULT CHARSET=utf8mb4 COLLATE=utf8mb4_unicode_ci;

--
-- Dumping data for table `users`
--

INSERT INTO `users` (`id`, `first_name`, `last_name`, `salary`, `department_id`, `phone`, `email`, `img`, `email_verified_at`, `password`, `is_admin`, `status`, `remember_token`, `created_at`, `updated_at`) VALUES
(1, 'Admin', 'Admin', 99999.000, NULL, '092', 'admin@admin.com', '1698268591.png', NULL, '$2y$10$xmse57DwmopbxuHa6bf1EePRnyVzsDxgXrfKb1Bjji9PLLuBbWZCC', 1, 1, NULL, '2023-09-23 06:13:13', '2023-10-25 14:16:31'),
(2, 'คุณ A', 'ยอดเยี่ยม', 9000.000, 1, '0925562767', 'customer@gmail.com', NULL, NULL, '$2y$10$V5qmIWl1.cx.34GbY5H/J.z.k5MtEATtPhKeerZo2b.tlK3G46Lt.', 0, 0, NULL, '2023-09-23 10:24:19', '2023-10-27 02:07:03');

--
-- Indexes for dumped tables
--

--
-- Indexes for table `categories`
--
ALTER TABLE `categories`
  ADD PRIMARY KEY (`id`);

--
-- Indexes for table `departments`
--
ALTER TABLE `departments`
  ADD PRIMARY KEY (`id`);

--
-- Indexes for table `failed_jobs`
--
ALTER TABLE `failed_jobs`
  ADD PRIMARY KEY (`id`),
  ADD UNIQUE KEY `failed_jobs_uuid_unique` (`uuid`);

--
-- Indexes for table `features`
--
ALTER TABLE `features`
  ADD PRIMARY KEY (`id`);

--
-- Indexes for table `listsales`
--
ALTER TABLE `listsales`
  ADD PRIMARY KEY (`id`),
  ADD UNIQUE KEY `listsales_order_code_unique` (`order_code`),
  ADD KEY `listsales_user_id_foreign` (`user_id`);

--
-- Indexes for table `migrations`
--
ALTER TABLE `migrations`
  ADD PRIMARY KEY (`id`);

--
-- Indexes for table `my_shops`
--
ALTER TABLE `my_shops`
  ADD PRIMARY KEY (`id`);

--
-- Indexes for table `orders`
--
ALTER TABLE `orders`
  ADD PRIMARY KEY (`id`),
  ADD KEY `orders_product_id_foreign` (`product_id`),
  ADD KEY `orders_listsale_id_foreign` (`listsale_id`);

--
-- Indexes for table `password_reset_tokens`
--
ALTER TABLE `password_reset_tokens`
  ADD PRIMARY KEY (`email`);

--
-- Indexes for table `personal_access_tokens`
--
ALTER TABLE `personal_access_tokens`
  ADD PRIMARY KEY (`id`),
  ADD UNIQUE KEY `personal_access_tokens_token_unique` (`token`),
  ADD KEY `personal_access_tokens_tokenable_type_tokenable_id_index` (`tokenable_type`,`tokenable_id`);

--
-- Indexes for table `products`
--
ALTER TABLE `products`
  ADD PRIMARY KEY (`id`),
  ADD KEY `products_category_id_foreign` (`category_id`),
  ADD KEY `products_sub_category_id_foreign` (`sub_category_id`);

--
-- Indexes for table `skus`
--
ALTER TABLE `skus`
  ADD PRIMARY KEY (`id`);

--
-- Indexes for table `subcategories`
--
ALTER TABLE `subcategories`
  ADD PRIMARY KEY (`id`),
  ADD KEY `subcategories_category_id_foreign` (`category_id`);

--
-- Indexes for table `type_counts`
--
ALTER TABLE `type_counts`
  ADD PRIMARY KEY (`id`);

--
-- Indexes for table `users`
--
ALTER TABLE `users`
  ADD PRIMARY KEY (`id`),
  ADD UNIQUE KEY `users_email_unique` (`email`),
  ADD KEY `users_department_id_foreign` (`department_id`);

--
-- AUTO_INCREMENT for dumped tables
--

--
-- AUTO_INCREMENT for table `categories`
--
ALTER TABLE `categories`
  MODIFY `id` bigint(20) UNSIGNED NOT NULL AUTO_INCREMENT, AUTO_INCREMENT=11;

--
-- AUTO_INCREMENT for table `departments`
--
ALTER TABLE `departments`
  MODIFY `id` bigint(20) UNSIGNED NOT NULL AUTO_INCREMENT, AUTO_INCREMENT=2;

--
-- AUTO_INCREMENT for table `failed_jobs`
--
ALTER TABLE `failed_jobs`
  MODIFY `id` bigint(20) UNSIGNED NOT NULL AUTO_INCREMENT;

--
-- AUTO_INCREMENT for table `features`
--
ALTER TABLE `features`
  MODIFY `id` bigint(20) UNSIGNED NOT NULL AUTO_INCREMENT, AUTO_INCREMENT=339;

--
-- AUTO_INCREMENT for table `listsales`
--
ALTER TABLE `listsales`
  MODIFY `id` bigint(20) UNSIGNED NOT NULL AUTO_INCREMENT, AUTO_INCREMENT=105;

--
-- AUTO_INCREMENT for table `migrations`
--
ALTER TABLE `migrations`
  MODIFY `id` int(10) UNSIGNED NOT NULL AUTO_INCREMENT, AUTO_INCREMENT=15;

--
-- AUTO_INCREMENT for table `my_shops`
--
ALTER TABLE `my_shops`
  MODIFY `id` bigint(20) UNSIGNED NOT NULL AUTO_INCREMENT, AUTO_INCREMENT=2;

--
-- AUTO_INCREMENT for table `orders`
--
ALTER TABLE `orders`
  MODIFY `id` bigint(20) UNSIGNED NOT NULL AUTO_INCREMENT, AUTO_INCREMENT=93;

--
-- AUTO_INCREMENT for table `personal_access_tokens`
--
ALTER TABLE `personal_access_tokens`
  MODIFY `id` bigint(20) UNSIGNED NOT NULL AUTO_INCREMENT;

--
-- AUTO_INCREMENT for table `products`
--
ALTER TABLE `products`
  MODIFY `id` bigint(20) UNSIGNED NOT NULL AUTO_INCREMENT, AUTO_INCREMENT=90;

--
-- AUTO_INCREMENT for table `skus`
--
ALTER TABLE `skus`
  MODIFY `id` bigint(20) UNSIGNED NOT NULL AUTO_INCREMENT, AUTO_INCREMENT=14;

--
-- AUTO_INCREMENT for table `subcategories`
--
ALTER TABLE `subcategories`
  MODIFY `id` bigint(20) UNSIGNED NOT NULL AUTO_INCREMENT, AUTO_INCREMENT=28;

--
-- AUTO_INCREMENT for table `type_counts`
--
ALTER TABLE `type_counts`
  MODIFY `id` bigint(20) UNSIGNED NOT NULL AUTO_INCREMENT, AUTO_INCREMENT=8;

--
-- AUTO_INCREMENT for table `users`
--
ALTER TABLE `users`
  MODIFY `id` bigint(20) UNSIGNED NOT NULL AUTO_INCREMENT, AUTO_INCREMENT=3;

--
-- Constraints for dumped tables
--

--
-- Constraints for table `listsales`
--
ALTER TABLE `listsales`
  ADD CONSTRAINT `listsales_user_id_foreign` FOREIGN KEY (`user_id`) REFERENCES `users` (`id`);

--
-- Constraints for table `orders`
--
ALTER TABLE `orders`
  ADD CONSTRAINT `orders_listsale_id_foreign` FOREIGN KEY (`listsale_id`) REFERENCES `listsales` (`id`),
  ADD CONSTRAINT `orders_product_id_foreign` FOREIGN KEY (`product_id`) REFERENCES `products` (`id`);

--
-- Constraints for table `products`
--
ALTER TABLE `products`
  ADD CONSTRAINT `products_category_id_foreign` FOREIGN KEY (`category_id`) REFERENCES `categories` (`id`),
  ADD CONSTRAINT `products_sub_category_id_foreign` FOREIGN KEY (`sub_category_id`) REFERENCES `subcategories` (`id`);

--
-- Constraints for table `subcategories`
--
ALTER TABLE `subcategories`
  ADD CONSTRAINT `subcategories_category_id_foreign` FOREIGN KEY (`category_id`) REFERENCES `categories` (`id`);

--
-- Constraints for table `users`
--
ALTER TABLE `users`
  ADD CONSTRAINT `users_department_id_foreign` FOREIGN KEY (`department_id`) REFERENCES `departments` (`id`);
COMMIT;

/*!40101 SET CHARACTER_SET_CLIENT=@OLD_CHARACTER_SET_CLIENT */;
/*!40101 SET CHARACTER_SET_RESULTS=@OLD_CHARACTER_SET_RESULTS */;
/*!40101 SET COLLATION_CONNECTION=@OLD_COLLATION_CONNECTION */;
